shuffle,sharpe
0,0.9725
1,1.1248
2,1.2449
3,1.1927
4,1.0092
5,0.9298
6,1.2757
7,1.1046
8,0.9774
9,0.9399
10,1.2227
11,0.8983
12,1.0181
13,0.9124
14,1.1074
15,1.0687
16,0.8698
17,1.0976
18,1.3505
19,1.1449
20,0.996
21,0.866
22,1.1419
23,1.1661
24,1.2117
25,1.0018
26,1.328
27,1.3601
28,1.2279
29,0.9419
30,1.0653
31,1.009
32,1.0892
33,1.2314
34,1.1163
35,1.0871
36,1.0663
37,0.949
38,1.1449
39,1.1427
40,1.2326
41,1.2989
42,1.1172
43,1.0836
44,1.1246
45,0.9889
46,1.1774
47,1.2538
48,1.218
49,1.0749
50,1.1132
51,0.999
52,0.918
53,0.9575
54,1.0819
55,1.1078
56,1.3141
57,1.4897
58,0.9812
59,1.2886
60,0.9572
61,0.9003
62,1.0157
63,1.2202
64,1.0676
65,1.1143
66,1.3136
67,1.0322
68,1.4502
69,1.0677
70,0.9761
71,1.1499
72,1.0598
73,1.227
74,1.341
75,1.0845
76,0.9628
77,1.0173
78,1.2613
79,1.18
80,1.0893
81,1.1755
82,1.0776
83,1.0501
84,1.1847
85,1.2359
86,1.3188
87,0.9621
88,1.34
89,1.2451
90,0.9923
91,1.1096
92,0.9558
93,1.1486
94,1.1608
95,1.2602
96,1.0253
97,0.7838
98,1.2024
99,1.1343
100,1.3856
101,1.0835
102,1.0297
103,0.9905
104,1.0271
105,0.86
106,1.0686
107,1.047
108,0.79
109,1.3103
110,1.2775
111,1.0529
112,0.8602
113,1.2129
114,0.8191
115,1.0296
116,0.9399
117,1.1586
118,1.0609
119,1.1217
120,0.8826
121,1.1207
122,0.9166
123,1.5064
124,0.8401
125,0.9692
126,0.8921
127,1.105
128,1.2939
129,0.9981
130,0.8847
131,1.1035
132,0.905
133,0.9325
134,1.1145
135,1.0742
136,0.922
137,0.8292
138,1.1327
139,1.2228
140,1.289
141,1.2254
142,1.1438
143,1.1293
144,1.1826
145,0.918
146,1.1827
147,0.9045
148,0.9248
149,0.9832
150,1.2427
151,1.1801
152,1.3033
153,0.9798
154,1.1417
155,1.124
156,1.309
157,1.0431
158,0.9462
159,1.1295
160,1.0362
161,0.9563
162,0.7708
163,1.0638
164,1.2667
165,1.1494
166,0.948
167,0.9613
168,1.0593
169,0.9979
170,1.193
171,1.1922
172,1.2821
173,1.0664
174,1.0326
175,1.234
176,1.2168
177,1.1349
178,1.0604
179,1.3304
180,1.011
181,0.975
182,1.1621
183,1.0955
184,0.8736
185,0.992
186,0.913
187,0.7641
188,1.0045
189,1.1635
190,1.3069
191,1.3507
192,1.1644
193,1.0554
194,1.1936
195,1.0168
196,0.9028
197,1.0726
198,0.8413
199,1.1725
200,0.8202
201,0.9698
202,1.2201
203,1.273
204,1.2326
205,1.2202
206,1.4102
207,1.1076
208,0.9679
209,0.9609
210,1.115
211,1.1359
212,1.22
213,0.8678
214,0.9187
215,1.0105
216,1.0675
217,1.1476
218,1.3979
219,1.0346
220,0.9314
221,1.05
222,1.2061
223,1.135
224,1.1246
225,1.1032
226,0.9692
227,1.2622
228,1.1543
229,1.1787
230,0.85
231,0.8994
232,0.946
233,1.378
234,0.7962
235,1.1826
236,1.144
237,0.9523
238,1.066
239,1.1638
240,1.159
241,0.9768
242,1.1093
243,1.0916
244,1.0151
245,1.1476
246,0.8471
247,1.1742
248,1.1743
249,1.1743
250,1.3984
251,1.2959
252,1.4268
253,1.1401
254,1.1087
255,1.1492
256,1.1262
257,0.8238
258,0.9984
259,1.0968
260,0.9357
261,0.799
262,1.1396
263,1.2146
264,1.0911
265,0.9051
266,1.0059
267,0.9364
268,1.1017
269,1.0
270,1.292
271,0.8189
272,1.4205
273,1.0325
274,1.0772
275,1.1051
276,1.2965
277,1.2152
278,1.4306
279,1.0229
280,1.0887
281,0.9256
282,1.0907
283,1.3041
284,1.1291
285,1.0273
286,0.8625
287,1.0732
288,0.9621
289,0.7963
290,1.1048
291,1.0175
292,0.9517
293,1.131
294,1.0025
295,1.1648
296,0.8877
297,1.2537
298,0.8919
299,1.0671
300,0.9654
301,1.2488
302,1.0126
303,1.2353
304,0.9428
305,1.1146
306,1.1363
307,1.0292
308,0.8982
309,1.1372
310,1.0432
311,0.7952
312,1.0127
313,1.1194
314,1.2722
315,1.1238
316,1.052
317,1.1841
318,1.0961
319,1.3207
320,1.2539
321,0.9899
322,1.0084
323,1.1787
324,1.0097
325,1.1747
326,0.8957
327,0.9377
328,1.0904
329,1.1587
330,1.187
331,1.2232
332,1.2283
333,0.8353
334,1.1481
335,1.2281
336,1.2869
337,1.3258
338,0.93
339,1.2821
340,1.2239
341,0.9365
342,1.1683
343,0.9
344,0.8891
345,1.0809
346,0.9966
347,0.9354
348,0.9864
349,0.9693
350,1.2319
351,1.0858
352,0.8995
353,1.302
354,1.0672
355,1.0902
356,1.0183
357,1.1766
358,0.827
359,1.0575
360,1.1652
361,0.8665
362,1.1026
363,1.2534
364,1.1103
365,0.8435
366,1.2971
367,0.9853
368,1.1202
369,1.0971
370,1.1908
371,0.7953
372,1.4161
373,0.8769
374,0.9125
375,1.1092
376,1.0132
377,1.1066
378,0.9639
379,1.2741
380,0.9496
381,0.9685
382,1.3523
383,0.7818
384,0.9408
385,1.2821
386,0.9933
387,1.0869
388,0.909
389,1.101
390,0.8323
391,1.08
392,1.1246
393,1.1295
394,1.1581
395,1.2407
396,1.2684
397,1.1216
398,1.1045
399,1.3099
400,1.1646
401,1.0671
402,1.4186
403,0.6508
404,1.197
405,0.9792
406,1.1908
407,1.072
408,0.8174
409,0.9974
410,1.0994
411,1.2503
412,1.3239
413,0.8331
414,1.3694
415,0.8665
416,0.9828
417,1.011
418,0.9568
419,1.21
420,1.0777
421,0.8094
422,1.2413
423,1.0829
424,1.0221
425,0.8371
426,1.075
427,1.1414
428,1.1136
429,1.1798
430,0.983
431,1.2279
432,1.1318
433,1.1412
434,1.004
435,1.1925
436,0.7416
437,1.2811
438,1.0155
439,1.3081
440,0.9377
441,0.9303
442,1.2118
443,1.3175
444,1.1557
445,1.207
446,1.109
447,0.6999
448,1.2384
449,1.1121
450,0.9097
451,0.7932
452,0.8123
453,1.1633
454,1.2703
455,0.8757
456,1.1376
457,1.1698
458,1.0965
459,0.8496
460,0.9691
461,0.9988
462,1.108
463,0.8474
464,0.912
465,1.1774
466,1.1647
467,1.0783
468,1.2796
469,0.9199
470,1.0204
471,0.95
472,1.2066
473,0.7328
474,1.2137
475,1.0717
476,0.9887
477,0.9734
478,1.0078
479,1.1094
480,1.1056
481,0.9963
482,1.1756
483,0.8619
484,1.0399
485,1.164
486,1.0358
487,1.1957
488,1.093
489,0.9207
490,1.1644
491,1.2159
492,1.2106
493,1.1973
494,1.2066
495,1.0305
496,0.991
497,1.1052
498,1.2308
499,1.0242
